id,stock_name,loaction,uom,units
281,a,loc5,Kgs,44
120,a feugiat et,Loc2,Kgs,39
152,a feugiat et,Loc2,Kgs,67
636,a ipsum integer,location1,Kgs,81
33,a nibh,Loc2,Ltrs,74
951,a nibh in,loc,Ltrs,86
235,a odio,location1,Ltrs,57
313,a odio in,loc5,Kgs,82
95,a pede,loc5,Kgs,22
6,ac,Loc2,Ltrs,98
413,ac,location1,Nos,48
660,ac enim,loc,Kgs,61
808,ac enim,loc,Nos,44
337,ac est,loc5,Ltrs,13
359,ac est lacinia,location1,Kgs,27
551,ac est lacinia,3,Ltrs,98
472,ac lobortis,loc,Kgs,81
75,ac lobortis vel,loc4,Nos,49
728,ac neque,3,Kgs,66
856,ac neque duis,Loc2,Nos,64
846,ac nulla,3,Nos,100
106,ac tellus semper,loc,Kgs,79
137,accumsan,location1,Ltrs,44
975,accumsan,loc5,Nos,15
752,accumsan odio curabitur,loc,Nos,59
427,accumsan tellus,location1,Kgs,83
585,adipiscing,loc4,Nos,87
9,adipiscing elit,3,Nos,87
379,adipiscing elit,Loc2,Ltrs,74
375,adipiscing elit proin,location1,Ltrs,80
560,aenean,3,Nos,72
356,aenean sit,loc5,Ltrs,14
204,aliquam,3,Nos,83
962,aliquam,3,Kgs,64
144,aliquam augue,3,Kgs,60
333,aliquam erat,location1,Kgs,91
580,aliquam erat,loc,Kgs,100
720,aliquam erat,loc,Ltrs,100
416,aliquam quis turpis,loc5,Kgs,91
996,aliquet maecenas,loc,Kgs,20
907,aliquet massa id,location1,Nos,51
702,aliquet ultrices erat,3,Kgs,66
8,amet,3,Ltrs,12
415,amet,location1,Kgs,10
418,amet,Loc2,Kgs,23
639,amet,loc4,Kgs,72
686,amet,loc4,Nos,3
817,amet,loc4,Ltrs,31
957,amet,Loc2,Kgs,88
331,amet consectetuer,loc,Kgs,66
825,amet consectetuer,location1,Nos,91
586,amet cursus id,3,Nos,38
87,amet diam,Loc2,Nos,89
698,amet diam,Loc2,Kgs,30
453,amet diam in,3,Ltrs,8
335,amet justo morbi,3,Ltrs,26
746,amet justo morbi,loc5,Ltrs,40
858,amet lobortis,3,Ltrs,27
509,amet nunc viverra,Loc2,Ltrs,15
909,amet sapien dignissim,loc5,Ltrs,6
133,amet sem,loc5,Nos,44
847,amet turpis,3,Ltrs,71
268,ante,3,Kgs,96
288,ante,loc5,Nos,92
741,ante,Loc2,Kgs,21
982,ante ipsum,loc4,Nos,41
613,ante ipsum primis,Loc2,Ltrs,17
691,ante ipsum primis,location1,Nos,51
967,ante ipsum primis,Loc2,Ltrs,26
837,ante nulla,3,Nos,70
936,ante nulla,location1,Ltrs,62
452,ante nulla justo,loc5,Ltrs,87
553,ante vel,location1,Ltrs,70
66,ante vestibulum,Loc2,Kgs,99
666,ante vestibulum,Loc2,Nos,78
699,arcu,Loc2,Kgs,54
873,arcu libero,location1,Kgs,49
17,at,location1,Kgs,76
47,at,loc5,Ltrs,6
502,at,3,Ltrs,61
599,at,loc,Ltrs,29
623,at,loc5,Ltrs,76
821,at,loc5,Nos,16
734,at feugiat,3,Nos,12
981,at feugiat,loc,Nos,27
279,at feugiat non,loc5,Kgs,71
330,at ipsum ac,Loc2,Kgs,63
260,at nibh,3,Kgs,52
656,at nibh,Loc2,Ltrs,11
476,at nibh in,loc5,Nos,19
132,at nulla,loc5,Kgs,51
795,at turpis,3,Nos,80
682,at turpis donec,location1,Ltrs,52
700,at turpis donec,loc,Nos,40
220,at velit,loc5,Ltrs,8
892,at velit,loc5,Kgs,11
391,at velit eu,loc,Ltrs,82
404,at velit vivamus,loc5,Ltrs,43
34,augue,loc4,Kgs,60
249,augue,Loc2,Nos,41
299,augue,loc4,Ltrs,87
944,augue aliquam,3,Ltrs,2
361,augue aliquam erat,loc5,Nos,77
971,augue quam,loc5,Ltrs,70
362,augue quam sollicitudin,loc4,Ltrs,13
26,augue vestibulum ante,loc,Ltrs,1
291,augue vestibulum rutrum,location1,Nos,34
302,bibendum imperdiet nullam,Loc2,Ltrs,55
369,bibendum morbi non,location1,Nos,74
40,blandit,Loc2,Kgs,27
568,blandit,Loc2,Nos,69
802,blandit,loc4,Ltrs,70
222,blandit lacinia,location1,Kgs,52
523,blandit lacinia erat,Loc2,Kgs,28
595,blandit non interdum,loc4,Kgs,38
289,blandit ultrices,loc4,Kgs,22
425,blandit ultrices enim,loc,Kgs,29
348,commodo placerat praesent,3,Nos,94
70,commodo vulputate,loc,Ltrs,90
506,commodo vulputate justo,location1,Kgs,62
481,condimentum curabitur,location1,Nos,67
796,congue,loc5,Nos,44
880,congue,3,Ltrs,22
282,congue diam,loc,Ltrs,71
945,congue diam,location1,Kgs,27
153,congue etiam justo,3,Kgs,94
298,congue etiam justo,loc5,Nos,43
341,congue etiam justo,location1,Ltrs,94
167,congue risus semper,loc4,Kgs,25
175,consectetuer adipiscing elit,location1,Ltrs,35
820,consectetuer adipiscing elit,loc4,Nos,35
674,consectetuer eget,Loc2,Nos,93
174,consequat,Loc2,Ltrs,1
926,consequat,3,Nos,88
961,consequat,location1,Ltrs,70
798,consequat in consequat,loc4,Ltrs,72
80,consequat metus,loc4,Nos,13
46,consequat metus sapien,3,Ltrs,72
959,consequat metus sapien,Loc2,Kgs,52
155,consequat nulla nisl,location1,Nos,89
270,convallis,loc,Ltrs,13
628,convallis,loc5,Kgs,20
972,convallis nulla neque,location1,Ltrs,5
311,convallis tortor risus,3,Nos,44
154,cras,location1,Kgs,71
198,cras in,Loc2,Ltrs,46
338,cras in purus,location1,Ltrs,80
494,cras in purus,Loc2,Nos,4
809,cras mi,loc5,Ltrs,31
332,cras pellentesque volutpat,location1,Kgs,67
884,cubilia,Loc2,Ltrs,23
188,cubilia curae nulla,loc5,Nos,46
953,cubilia curae nulla,location1,Kgs,82
480,cum,location1,Nos,54
596,cum sociis,Loc2,Kgs,91
100,curabitur,3,Kgs,61
151,curabitur,loc4,Kgs,67
649,curabitur,Loc2,Nos,31
651,curabitur,loc4,Kgs,81
663,curabitur gravida nisi,loc,Kgs,48
917,curabitur in,3,Ltrs,65
896,curae,loc5,Kgs,73
294,curae duis faucibus,Loc2,Ltrs,22
514,curae mauris viverra,Loc2,Kgs,17
706,curae nulla dapibus,loc5,Nos,57
107,dapibus,3,Ltrs,70
172,dapibus,location1,Ltrs,80
417,dapibus,3,Ltrs,19
785,dapibus,loc,Nos,89
906,dapibus,location1,Nos,98
862,dapibus at diam,Loc2,Nos,96
968,dapibus duis,loc,Nos,41
457,dapibus duis at,loc4,Nos,2
618,dapibus nulla,loc,Ltrs,79
251,dapibus nulla suscipit,loc,Kgs,74
324,dapibus nulla suscipit,location1,Ltrs,67
88,diam,location1,Kgs,72
234,diam,loc,Ltrs,41
349,diam,loc,Ltrs,34
642,diam,loc5,Kgs,22
712,diam,loc4,Ltrs,70
983,diam,Loc2,Kgs,45
608,diam cras pellentesque,3,Ltrs,83
794,diam cras pellentesque,Loc2,Ltrs,9
946,diam cras pellentesque,loc5,Ltrs,36
989,diam erat,location1,Kgs,75
367,diam nam,3,Nos,41
739,diam vitae quam,location1,Nos,57
503,dictumst,loc,Ltrs,4
692,dictumst,loc4,Ltrs,53
812,dictumst,3,Kgs,14
512,dictumst aliquam,Loc2,Ltrs,64
865,dictumst maecenas,3,Ltrs,73
883,dictumst maecenas ut,3,Kgs,3
166,dictumst morbi,loc5,Kgs,79
887,dignissim,Loc2,Ltrs,79
278,dignissim vestibulum,3,Ltrs,57
860,dis,location1,Nos,52
274,dis parturient montes,loc,Ltrs,80
110,dolor sit amet,loc4,Ltrs,29
891,donec dapibus,3,Kgs,79
707,donec dapibus duis,loc5,Nos,73
30,donec odio justo,location1,Nos,46
640,donec posuere,loc,Kgs,83
325,donec posuere metus,Loc2,Kgs,59
718,donec quis,loc5,Ltrs,5
142,donec quis orci,loc5,Ltrs,85
105,donec semper sapien,3,Nos,62
150,donec ut dolor,loc5,Ltrs,95
935,donec vitae,3,Ltrs,52
735,donec vitae nisi,Loc2,Nos,1
124,dui maecenas tristique,location1,Nos,5
841,dui proin leo,loc,Ltrs,8
922,dui proin leo,Loc2,Nos,83
775,dui vel nisl,3,Kgs,13
126,duis,3,Kgs,64
485,duis,loc,Nos,56
974,duis ac,3,Ltrs,53
211,duis ac nibh,3,Ltrs,21
757,duis ac nibh,loc4,Kgs,87
420,duis bibendum,loc,Ltrs,49
566,duis bibendum,loc,Ltrs,85
528,duis faucibus,location1,Ltrs,40
495,duis mattis egestas,loc4,Nos,80
769,eget,loc5,Ltrs,68
973,eget,loc4,Kgs,100
168,eget elit,location1,Nos,13
544,eget massa tempor,loc4,Ltrs,49
98,eget rutrum at,Loc2,Nos,71
478,eleifend,loc5,Kgs,98
277,eleifend donec ut,location1,Ltrs,79
956,eleifend quam,Loc2,Nos,6
143,elementum,Loc2,Kgs,94
287,elementum,loc4,Kgs,38
383,elementum eu,3,Kgs,69
312,elementum eu interdum,loc5,Nos,82
403,elementum ligula,loc5,Kgs,54
535,elementum nullam,3,Nos,22
602,elementum nullam,loc4,Nos,99
764,elit,loc,Kgs,93
801,elit,Loc2,Nos,82
762,elit sodales scelerisque,location1,Kgs,50
942,elit sodales scelerisque,loc5,Ltrs,71
622,enim blandit,loc,Kgs,1
955,enim blandit mi,location1,Ltrs,51
710,enim sit amet,loc5,Kgs,40
209,erat,loc4,Ltrs,90
697,erat,location1,Ltrs,74
759,erat eros viverra,loc5,Kgs,71
693,erat nulla,loc5,Nos,81
187,erat tortor sollicitudin,location1,Ltrs,85
140,erat volutpat,location1,Kgs,21
473,erat volutpat in,location1,Ltrs,82
14,eros,loc,Nos,12
366,eros,3,Ltrs,91
449,eros,3,Nos,27
496,eros elementum,Loc2,Kgs,69
932,eros elementum pellentesque,Loc2,Kgs,57
694,eros vestibulum,location1,Ltrs,65
695,eros viverra,location1,Nos,34
114,eros viverra eget,3,Ltrs,2
677,est,loc4,Kgs,7
171,est congue,loc4,Ltrs,38
442,est donec odio,loc4,Nos,56
101,est risus auctor,loc4,Ltrs,41
10,et,loc5,Ltrs,38
149,et,loc4,Kgs,38
218,et,loc5,Kgs,17
286,et,loc,Ltrs,4
721,et,3,Kgs,97
767,et,location1,Nos,64
522,etiam,loc4,Ltrs,55
877,etiam faucibus,Loc2,Nos,54
263,etiam pretium iaculis,Loc2,Ltrs,98
875,etiam pretium iaculis,location1,Nos,97
456,etiam vel,loc4,Nos,82
570,etiam vel,loc4,Nos,69
467,eu,location1,Kgs,77
555,eu,loc4,Nos,100
950,eu,loc,Kgs,3
784,eu interdum eu,location1,Kgs,78
428,eu massa,loc5,Nos,25
463,eu nibh quisque,3,Nos,96
616,eu orci,3,Nos,23
68,eu sapien cursus,loc5,Ltrs,43
534,eu tincidunt in,loc4,Ltrs,3
396,euismod,3,Kgs,95
578,euismod,Loc2,Kgs,72
111,faucibus,loc,Ltrs,42
259,faucibus,location1,Ltrs,38
793,faucibus,location1,Ltrs,2
293,faucibus accumsan,loc4,Nos,57
121,faucibus orci,loc,Ltrs,100
508,faucibus orci,3,Nos,6
232,felis,loc4,Nos,74
381,felis,Loc2,Kgs,35
894,felis donec semper,loc4,Ltrs,82
591,felis eu,loc,Kgs,86
1,felis fusce posuere,loc,Kgs,18
543,felis ut at,loc,Nos,90
301,feugiat,loc,Nos,37
605,fusce,loc5,Kgs,13
800,fusce,loc4,Nos,28
999,fusce congue,3,Kgs,38
743,fusce congue diam,loc,Ltrs,71
16,gravida,loc5,Kgs,64
241,gravida,loc,Kgs,98
525,gravida,location1,Kgs,29
733,gravida,Loc2,Nos,66
36,gravida nisi,Loc2,Nos,14
454,gravida nisi,loc,Kgs,95
39,habitasse,loc,Nos,47
206,habitasse,location1,Nos,91
742,habitasse,loc4,Kgs,8
51,habitasse platea,loc5,Nos,95
859,habitasse platea,Loc2,Kgs,25
952,habitasse platea,loc4,Kgs,6
870,habitasse platea dictumst,3,Kgs,18
505,hac,loc4,Ltrs,63
161,hac habitasse,Loc2,Ltrs,69
552,hac habitasse platea,location1,Nos,87
646,hendrerit,loc5,Kgs,21
598,hendrerit at vulputate,Loc2,Nos,67
933,hendrerit at vulputate,Loc2,Kgs,62
300,iaculis,location1,Nos,16
617,iaculis,loc,Kgs,82
807,iaculis,location1,Kgs,47
470,iaculis congue,loc4,Kgs,56
419,iaculis diam,loc,Ltrs,19
92,iaculis diam erat,loc,Kgs,62
991,iaculis diam erat,loc4,Ltrs,56
200,iaculis justo in,loc,Ltrs,99
177,id,loc,Kgs,58
304,id,loc,Kgs,76
688,id,loc4,Nos,25
708,id,loc5,Ltrs,66
308,id justo sit,location1,Nos,22
93,id ligula,Loc2,Nos,25
758,id lobortis,3,Kgs,84
540,id luctus,loc,Ltrs,21
882,id luctus,3,Nos,38
438,id luctus nec,loc5,Kgs,57
228,id nulla,Loc2,Nos,83
990,id ornare imperdiet,Loc2,Nos,77
902,id pretium,Loc2,Kgs,4
305,id pretium iaculis,location1,Kgs,95
671,id turpis,loc4,Ltrs,22
675,id turpis integer,Loc2,Kgs,64
255,imperdiet,3,Nos,64
652,imperdiet,3,Ltrs,1
343,imperdiet et,loc4,Kgs,87
723,imperdiet et commodo,3,Nos,22
878,imperdiet nullam orci,loc,Kgs,75
389,imperdiet sapien,loc5,Kgs,93
59,in,loc5,Nos,59
195,in,location1,Ltrs,87
440,in,3,Nos,80
444,in,loc5,Kgs,12
460,in,location1,Ltrs,95
497,in,loc,Ltrs,9
575,in,loc4,Ltrs,15
779,in,loc,Kgs,89
864,in ante,Loc2,Nos,62
54,in blandit,loc4,Kgs,4
986,in congue etiam,loc,Kgs,92
84,in est risus,Loc2,Kgs,79
536,in est risus,3,Ltrs,67
766,in faucibus,Loc2,Kgs,7
823,in faucibus,loc5,Kgs,53
96,in faucibus orci,loc,Ltrs,42
181,in faucibus orci,loc,Nos,16
57,in felis,3,Ltrs,77
564,in felis donec,loc4,Nos,30
614,in felis eu,loc4,Kgs,87
805,in felis eu,location1,Kgs,8
881,in hac,loc5,Nos,56
61,in hac habitasse,loc,Ltrs,84
668,in hac habitasse,loc5,Nos,11
112,in imperdiet,loc4,Nos,84
629,in lacus curabitur,loc5,Nos,85
593,in lectus pellentesque,3,Ltrs,89
810,in porttitor,location1,Kgs,83
131,in sapien,Loc2,Nos,90
782,in sapien,Loc2,Nos,83
344,integer,loc4,Nos,72
360,integer,loc5,Ltrs,52
443,integer,loc,Nos,8
939,integer tincidunt ante,loc4,Kgs,44
903,interdum,loc4,Ltrs,40
845,interdum eu,loc4,Nos,15
532,interdum eu tincidunt,3,Ltrs,69
681,interdum mauris ullamcorper,location1,Nos,91
448,ipsum,loc5,Nos,20
486,ipsum,loc,Kgs,41
507,ipsum,loc4,Kgs,1
635,ipsum,3,Kgs,25
806,ipsum,loc,Ltrs,33
855,ipsum,loc5,Ltrs,98
976,ipsum,loc,Kgs,17
22,ipsum ac tellus,location1,Ltrs,6
94,ipsum dolor sit,loc,Nos,13
138,ipsum primis in,loc5,Ltrs,95
317,ipsum primis in,location1,Nos,93
352,justo,3,Ltrs,47
588,justo,loc5,Ltrs,96
804,justo,location1,Ltrs,83
273,justo aliquam,3,Kgs,71
431,justo aliquam quis,location1,Nos,60
504,justo lacinia eget,loc5,Nos,90
392,justo maecenas,Loc2,Nos,95
778,justo morbi ut,Loc2,Nos,43
915,justo sit,3,Kgs,4
213,justo sit amet,location1,Nos,75
662,lacinia,location1,Nos,4
701,lacinia,Loc2,Ltrs,31
928,lacinia,Loc2,Nos,31
227,lacinia nisi,loc,Kgs,8
353,lacinia nisi venenatis,3,Nos,54
749,lacus,Loc2,Ltrs,8
890,lacus at,loc5,Nos,23
20,lacus morbi,Loc2,Nos,92
789,lacus morbi,loc4,Ltrs,68
82,laoreet,Loc2,Ltrs,68
285,laoreet,Loc2,Nos,37
119,laoreet ut,loc,Kgs,82
321,lectus,3,Kgs,30
323,lectus,Loc2,Ltrs,78
600,lectus,3,Kgs,54
819,lectus,Loc2,Ltrs,95
761,lectus in quam,loc5,Kgs,94
385,lectus pellentesque,3,Kgs,21
401,lectus pellentesque,3,Nos,21
74,leo,Loc2,Nos,92
158,leo,loc4,Nos,41
123,leo odio,location1,Nos,95
872,leo odio condimentum,loc4,Nos,48
969,leo pellentesque,loc5,Nos,90
611,leo rhoncus sed,Loc2,Nos,99
988,libero,Loc2,Nos,83
164,libero convallis,loc,Nos,46
615,libero nam,loc4,Kgs,67
196,libero quis,Loc2,Nos,97
233,ligula,loc4,Kgs,19
447,ligula,location1,Kgs,23
659,ligula,location1,Nos,87
48,ligula nec,Loc2,Nos,35
190,ligula nec sem,3,Ltrs,89
246,ligula pellentesque ultrices,loc,Kgs,49
314,ligula pellentesque ultrices,Loc2,Nos,23
811,ligula suspendisse ornare,loc4,Nos,58
60,ligula vehicula,location1,Kgs,82
627,lobortis,loc,Nos,82
754,lobortis,loc,Kgs,3
386,lobortis convallis,loc,Nos,30
876,lobortis convallis,3,Kgs,7
765,lobortis convallis tortor,Loc2,Kgs,74
899,lobortis est,loc5,Kgs,68
726,lobortis est phasellus,loc,Kgs,37
322,lobortis ligula,Loc2,Nos,85
925,lobortis vel,3,Kgs,3
245,lorem,loc5,Nos,6
411,lorem,loc4,Kgs,54
170,lorem id ligula,Loc2,Ltrs,14
908,lorem integer,Loc2,Nos,31
704,lorem ipsum,loc,Nos,69
364,lorem vitae mattis,loc5,Kgs,92
569,lorem vitae mattis,location1,Kgs,10
358,luctus,loc,Nos,25
450,luctus,loc4,Ltrs,13
459,luctus,loc,Ltrs,11
139,luctus et,loc4,Nos,90
879,luctus et ultrices,location1,Kgs,90
424,luctus rutrum nulla,Loc2,Nos,72
147,maecenas,loc5,Ltrs,81
162,maecenas,3,Ltrs,61
408,maecenas,loc,Ltrs,13
822,maecenas leo,location1,Ltrs,16
402,maecenas leo odio,loc4,Kgs,16
500,maecenas leo odio,3,Ltrs,4
393,maecenas rhoncus,loc4,Nos,48
672,maecenas rhoncus aliquam,Loc2,Kgs,36
929,maecenas tincidunt lacus,location1,Kgs,47
923,maecenas tristique est,loc4,Nos,98
193,maecenas ut massa,3,Kgs,32
254,maecenas ut massa,location1,Ltrs,97
744,maecenas ut massa,loc5,Nos,43
215,magna at nunc,loc4,Nos,46
327,malesuada in,location1,Kgs,52
296,malesuada in imperdiet,3,Nos,90
156,massa,location1,Kgs,93
387,massa,location1,Nos,40
750,massa donec dapibus,loc5,Kgs,38
592,massa quis augue,3,Kgs,32
979,massa quis augue,loc,Nos,77
579,massa volutpat convallis,3,Kgs,83
81,mattis,loc5,Ltrs,22
577,mattis,Loc2,Kgs,22
67,mattis egestas,loc5,Kgs,84
378,mattis pulvinar,loc,Kgs,82
645,mattis pulvinar,loc4,Ltrs,48
45,mauris,loc,Kgs,90
992,mauris,3,Ltrs,33
960,mauris enim leo,loc4,Kgs,12
365,mauris laoreet ut,loc4,Ltrs,75
50,mauris morbi non,loc5,Ltrs,18
355,mauris non,location1,Nos,82
554,mauris sit,loc,Ltrs,4
517,mauris ullamcorper,loc5,Nos,26
292,mauris ullamcorper purus,location1,Nos,67
631,mauris ullamcorper purus,location1,Kgs,57
824,mauris viverra diam,location1,Ltrs,94
803,metus,Loc2,Kgs,93
118,metus aenean fermentum,Loc2,Nos,12
423,metus arcu adipiscing,Loc2,Ltrs,12
633,metus sapien ut,loc,Nos,81
587,mi,location1,Kgs,83
7,mi in,3,Kgs,88
295,mi in,3,Kgs,74
683,mi nulla ac,3,Kgs,16
44,molestie,3,Kgs,8
257,molestie,Loc2,Ltrs,94
471,molestie lorem quisque,loc4,Ltrs,35
435,montes,loc5,Kgs,83
104,montes nascetur,loc5,Nos,93
573,montes nascetur ridiculus,loc,Ltrs,97
253,morbi,loc4,Kgs,90
724,morbi,loc,Ltrs,29
184,morbi non lectus,Loc2,Nos,5
256,morbi non lectus,loc5,Nos,49
489,morbi non lectus,loc4,Ltrs,11
53,morbi non quam,3,Ltrs,65
913,morbi porttitor lorem,Loc2,Kgs,35
771,morbi sem mauris,loc4,Nos,3
619,morbi ut,loc,Nos,39
487,mus,loc,Nos,51
760,mus,loc,Nos,3
919,mus vivamus vestibulum,loc4,Kgs,90
632,nam,loc5,Nos,38
773,nam congue,loc,Nos,42
134,nam dui,3,Ltrs,2
889,nam dui,3,Nos,81
530,nam dui proin,Loc2,Nos,20
407,nam tristique tortor,loc5,Ltrs,87
339,nam ultrices,loc4,Nos,70
212,nascetur ridiculus,loc,Kgs,22
455,nascetur ridiculus mus,loc,Kgs,7
192,natoque penatibus et,location1,Ltrs,76
397,nec,loc,Kgs,79
501,nec,Loc2,Nos,77
657,nec,loc4,Ltrs,30
711,nec,loc5,Nos,67
731,nec,loc4,Kgs,74
963,nec,location1,Nos,15
373,nec condimentum neque,3,Ltrs,68
128,nec dui luctus,loc5,Nos,63
780,nec euismod scelerisque,loc,Ltrs,5
326,nec sem duis,Loc2,Kgs,15
644,neque,loc,Ltrs,44
176,neque duis,Loc2,Ltrs,2
947,neque duis,loc,Ltrs,99
189,neque libero,loc,Kgs,35
469,neque libero,loc,Nos,47
390,nibh,loc,Ltrs,25
433,nibh in lectus,3,Nos,27
275,nibh in quis,loc5,Ltrs,44
108,nibh ligula,loc4,Ltrs,34
370,nibh quisque,loc5,Ltrs,34
709,nibh quisque,3,Ltrs,58
43,nisi,loc4,Kgs,9
342,nisi,loc,Kgs,75
350,nisi,loc,Ltrs,35
439,nisi at,Loc2,Nos,96
546,nisi eu orci,loc5,Nos,36
451,nisi venenatis tristique,Loc2,Ltrs,56
993,nisi volutpat,loc,Nos,3
229,nisi volutpat eleifend,loc5,Nos,64
719,nisi volutpat eleifend,location1,Nos,36
146,nisl aenean lectus,Loc2,Nos,64
842,nisl duis,Loc2,Kgs,13
354,nisl duis bibendum,location1,Ltrs,19
678,nisl ut volutpat,location1,Nos,23
610,nisl venenatis lacinia,Loc2,Ltrs,46
15,non,location1,Ltrs,89
329,non,loc4,Ltrs,31
670,non,location1,Ltrs,28
786,non,Loc2,Kgs,73
637,non ligula,Loc2,Nos,78
954,non mauris,loc,Nos,63
624,non mi,3,Nos,49
641,non mi integer,loc5,Nos,46
465,non pretium,Loc2,Kgs,64
179,non velit,loc5,Kgs,100
816,non velit donec,loc5,Ltrs,61
783,nonummy maecenas tincidunt,loc,Kgs,83
117,nulla,loc4,Nos,72
297,nulla,3,Ltrs,36
484,nulla,loc5,Ltrs,71
574,nulla,location1,Ltrs,26
680,nulla,Loc2,Kgs,4
814,nulla,loc,Kgs,63
851,nulla,loc5,Nos,3
886,nulla,3,Kgs,52
897,nulla,loc5,Kgs,81
948,nulla,loc4,Kgs,46
3,nulla dapibus,Loc2,Ltrs,66
527,nulla dapibus,loc5,Nos,66
280,nulla dapibus dolor,loc,Kgs,21
363,nulla elit ac,3,Kgs,47
740,nulla facilisi cras,location1,Nos,47
86,nulla justo aliquam,loc,Nos,29
815,nulla mollis,location1,Ltrs,77
491,nulla nunc purus,loc5,Nos,70
432,nulla pede,Loc2,Ltrs,23
240,nulla quisque arcu,loc4,Ltrs,27
567,nulla tempus,Loc2,Kgs,24
647,nulla tempus,loc,Kgs,1
885,nulla tempus,Loc2,Nos,99
776,nulla tempus vivamus,3,Nos,41
583,nullam,3,Kgs,14
921,nullam,location1,Kgs,38
606,nullam orci,loc5,Kgs,96
654,nullam sit amet,loc4,Ltrs,36
938,nullam varius,loc,Kgs,75
835,nullam varius nulla,Loc2,Kgs,2
202,nunc,loc4,Kgs,10
965,nunc,Loc2,Nos,50
157,nunc purus phasellus,loc5,Nos,93
547,nunc purus phasellus,3,Nos,77
713,nunc rhoncus dui,location1,Kgs,91
716,nunc vestibulum,location1,Kgs,36
916,nunc vestibulum ante,3,Kgs,9
5,odio,loc,Kgs,26
185,odio,loc,Nos,91
604,odio,loc,Ltrs,55
609,odio,3,Kgs,20
625,odio consequat,location1,Ltrs,44
306,odio cras mi,Loc2,Kgs,46
620,odio cras mi,loc,Nos,81
518,odio donec,loc4,Ltrs,24
888,odio elementum,location1,Nos,57
309,odio in hac,loc,Ltrs,39
466,odio in hac,location1,Nos,6
477,orci,3,Ltrs,82
844,orci,loc4,Nos,6
99,orci luctus et,loc5,Kgs,51
208,orci luctus et,loc,Kgs,15
258,orci luctus et,loc5,Nos,24
676,orci luctus et,loc4,Kgs,1
336,orci mauris,Loc2,Kgs,37
994,orci mauris,Loc2,Nos,84
328,orci nullam,3,Nos,31
770,orci pede,loc5,Nos,89
28,orci vehicula,Loc2,Ltrs,11
756,orci vehicula,loc,Ltrs,42
236,ornare consequat,location1,Ltrs,90
62,parturient,loc,Kgs,21
848,parturient montes,Loc2,Ltrs,83
545,parturient montes nascetur,loc5,Kgs,48
49,pede,loc,Kgs,15
269,pede,loc,Kgs,38
284,pede,3,Nos,61
410,pede,Loc2,Ltrs,54
603,pede,loc4,Ltrs,33
732,pede,Loc2,Ltrs,62
826,pede,3,Nos,85
838,pede,loc4,Kgs,50
904,pede ac,loc,Ltrs,100
655,pede ac diam,loc4,Ltrs,72
145,pede malesuada,location1,Kgs,4
493,pede malesuada,Loc2,Nos,40
690,pede ullamcorper,loc,Nos,37
526,pede ullamcorper augue,3,Kgs,64
736,pellentesque,loc,Ltrs,13
863,pellentesque,Loc2,Nos,46
19,pellentesque eget,loc4,Nos,92
125,pellentesque eget,loc4,Nos,94
561,pellentesque eget nunc,loc,Kgs,55
581,pellentesque quisque porta,Loc2,Nos,54
31,pellentesque ultrices,Loc2,Kgs,37
964,pellentesque ultrices,Loc2,Ltrs,80
483,pellentesque volutpat,3,Nos,85
861,pellentesque volutpat dui,loc,Kgs,33
303,penatibus,Loc2,Ltrs,12
524,penatibus et magnis,3,Ltrs,73
572,pharetra magna,location1,Kgs,28
790,phasellus id sapien,Loc2,Kgs,100
262,phasellus in,loc4,Ltrs,93
24,phasellus in felis,loc,Ltrs,72
511,phasellus sit amet,loc,Kgs,53
441,placerat praesent blandit,loc,Ltrs,51
56,platea,3,Ltrs,77
831,platea,location1,Ltrs,23
64,platea dictumst etiam,loc5,Kgs,73
461,porta,loc4,Nos,53
115,porttitor,loc4,Nos,96
414,porttitor,Loc2,Ltrs,73
768,porttitor,loc4,Kgs,36
23,porttitor id,Loc2,Ltrs,2
446,porttitor lacus,loc,Kgs,50
538,porttitor lorem,location1,Ltrs,45
21,porttitor pede justo,loc,Nos,79
394,posuere,3,Kgs,85
673,posuere cubilia,loc,Kgs,82
745,posuere cubilia curae,loc,Kgs,58
601,posuere metus vitae,3,Ltrs,6
895,potenti,loc5,Kgs,24
276,potenti in,loc5,Nos,43
399,potenti nullam,location1,Kgs,97
316,praesent,location1,Ltrs,3
513,praesent,location1,Kgs,32
594,praesent blandit lacinia,3,Nos,9
499,praesent blandit nam,loc,Kgs,67
384,praesent id,loc,Kgs,27
978,praesent lectus,loc5,Nos,61
148,pretium,loc,Ltrs,22
261,pretium,loc,Nos,22
849,pretium,location1,Ltrs,1
29,pretium iaculis,Loc2,Ltrs,45
272,pretium nisl,loc,Nos,82
210,pretium quis lectus,Loc2,Nos,42
843,primis in,Loc2,Kgs,54
346,primis in faucibus,Loc2,Nos,49
406,primis in faucibus,location1,Kgs,2
738,primis in faucibus,loc4,Nos,40
537,proin,loc,Kgs,62
519,proin leo odio,Loc2,Nos,75
648,proin leo odio,location1,Nos,86
492,proin risus praesent,Loc2,Kgs,63
685,proin risus praesent,loc5,Nos,53
69,pulvinar,loc,Nos,65
426,pulvinar,3,Nos,44
717,pulvinar nulla,loc5,Ltrs,28
231,pulvinar sed nisl,3,Nos,67
558,purus,location1,Kgs,97
918,purus,location1,Ltrs,49
684,purus sit amet,3,Kgs,88
689,quam,3,Nos,8
479,quam a odio,loc5,Nos,34
924,quam fringilla,location1,Kgs,2
934,quam fringilla rhoncus,location1,Nos,39
169,quam pharetra magna,location1,Ltrs,91
345,quam sapien,Loc2,Ltrs,82
853,quam sollicitudin vitae,Loc2,Ltrs,84
77,quam suspendisse,location1,Kgs,70
901,quam suspendisse potenti,3,Kgs,71
854,quis,Loc2,Nos,2
696,quis justo,loc4,Ltrs,61
900,quis justo maecenas,loc,Nos,64
91,quis libero nullam,loc,Ltrs,20
830,quis odio consequat,Loc2,Nos,17
186,quis orci,loc5,Nos,21
230,quis orci,Loc2,Ltrs,65
113,quis tortor,loc4,Nos,99
429,quisque,Loc2,Nos,1
755,quisque,location1,Ltrs,58
727,quisque arcu libero,loc,Nos,92
874,quisque arcu libero,location1,Ltrs,62
559,quisque id justo,Loc2,Nos,97
725,quisque id justo,loc,Nos,54
943,quisque porta,loc5,Nos,50
27,quisque ut,loc,Nos,5
238,rhoncus,Loc2,Ltrs,3
763,rhoncus,location1,Kgs,42
997,rhoncus,loc,Ltrs,81
76,rhoncus aliquam,location1,Ltrs,57
38,rhoncus aliquam lacus,loc,Nos,47
715,rhoncus mauris enim,location1,Nos,53
97,rhoncus sed vestibulum,loc,Nos,14
584,ridiculus,Loc2,Ltrs,35
557,ridiculus mus,loc,Ltrs,61
914,ridiculus mus,loc5,Nos,74
79,risus,location1,Kgs,9
866,risus,location1,Nos,87
310,risus dapibus,loc5,Nos,98
102,risus dapibus augue,Loc2,Kgs,1
405,risus semper,loc,Kgs,98
737,rutrum,loc,Nos,24
931,rutrum ac,Loc2,Kgs,4
412,rutrum ac lobortis,loc5,Kgs,21
998,rutrum neque aenean,loc5,Kgs,19
13,sagittis,loc5,Nos,76
250,sagittis,loc5,Kgs,13
482,sagittis,location1,Kgs,48
840,sagittis nam,Loc2,Ltrs,64
160,sagittis nam congue,Loc2,Ltrs,95
529,sagittis nam congue,loc5,Kgs,97
409,sagittis sapien cum,loc5,Kgs,79
18,sapien,3,Ltrs,47
73,sapien,3,Kgs,19
243,sapien,loc5,Ltrs,78
589,sapien,location1,Nos,3
590,sapien,Loc2,Ltrs,28
941,sapien,loc5,Nos,28
984,sapien,location1,Nos,54
183,sapien a,3,Ltrs,38
833,sapien a libero,loc,Kgs,98
781,sapien cursus,loc,Kgs,97
340,sapien iaculis,loc4,Kgs,63
850,sapien placerat ante,loc,Ltrs,73
927,scelerisque mauris,loc,Kgs,77
85,sed,3,Nos,20
351,sed,loc,Nos,30
376,sed,3,Nos,3
995,sed,Loc2,Nos,23
747,sed augue aliquam,loc5,Kgs,23
556,sed justo,location1,Kgs,9
58,sed nisl nunc,location1,Ltrs,51
437,sed sagittis nam,Loc2,Nos,81
191,sed tincidunt,loc,Ltrs,67
958,sed tristique,3,Nos,6
83,sed vel,location1,Nos,16
531,sed vel enim,location1,Ltrs,79
871,sed vestibulum sit,loc4,Nos,88
214,sem,loc4,Kgs,51
252,sem,loc4,Nos,75
205,sem mauris laoreet,loc4,Kgs,100
116,sem praesent,loc5,Nos,24
25,sem sed,location1,Kgs,2
788,sem sed,Loc2,Kgs,27
687,semper,location1,Kgs,11
395,semper est quam,loc5,Kgs,69
1000,semper interdum mauris,Loc2,Nos,77
244,semper porta,loc4,Ltrs,8
388,semper rutrum,loc4,Ltrs,47
239,semper sapien,3,Nos,60
103,semper sapien a,loc,Nos,37
78,sit,3,Kgs,98
127,sit,location1,Nos,86
165,sit,loc4,Nos,22
182,sit,loc4,Ltrs,63
224,sit,3,Nos,57
679,sit,loc,Kgs,81
207,sit amet,location1,Nos,71
290,sit amet,loc5,Nos,38
436,sit amet,loc5,Ltrs,91
565,sit amet,3,Ltrs,58
658,sit amet,location1,Nos,71
661,sit amet,3,Kgs,68
828,sit amet,loc4,Kgs,92
178,sit amet nulla,location1,Kgs,43
194,sit amet nulla,location1,Kgs,71
226,sit amet nunc,loc4,Kgs,97
109,sociis,location1,Kgs,31
827,sociis natoque penatibus,loc4,Ltrs,72
422,sollicitudin,Loc2,Kgs,29
468,sollicitudin ut,loc5,Nos,78
71,sollicitudin ut suscipit,3,Ltrs,8
832,sollicitudin ut suscipit,loc5,Kgs,60
799,suscipit,loc,Kgs,88
911,suscipit a,loc,Kgs,51
488,suscipit nulla elit,loc,Ltrs,21
237,suspendisse,Loc2,Kgs,90
374,suspendisse,loc5,Ltrs,71
41,suspendisse potenti,loc,Nos,22
42,suspendisse potenti,Loc2,Nos,75
63,suspendisse potenti nullam,loc4,Kgs,30
248,tellus,loc5,Kgs,12
464,tellus,Loc2,Ltrs,72
315,tellus nisi,Loc2,Ltrs,11
653,tellus nisi,Loc2,Nos,87
751,tellus nisi,loc,Kgs,4
334,tellus nisi eu,location1,Kgs,55
985,tellus semper,location1,Ltrs,60
729,tempor convallis,3,Ltrs,29
852,tempor convallis,3,Nos,96
197,tempus sit,loc4,Ltrs,4
748,tempus sit amet,location1,Kgs,40
347,tincidunt eget,loc,Ltrs,67
242,tincidunt lacus,loc4,Ltrs,84
141,tortor,loc4,Ltrs,40
550,tortor duis,loc5,Nos,58
910,tortor quis,location1,Kgs,82
621,tortor risus dapibus,loc5,Nos,42
869,tortor sollicitudin mi,loc,Nos,27
630,tristique,Loc2,Ltrs,21
201,tristique est,loc,Nos,52
791,tristique fusce,Loc2,Nos,7
400,tristique in,Loc2,Nos,35
380,tristique in tempus,Loc2,Kgs,49
382,tristique tortor,loc5,Nos,51
562,tristique tortor,location1,Kgs,94
35,turpis,3,Nos,21
247,turpis,loc5,Ltrs,69
582,turpis,3,Nos,14
667,turpis,Loc2,Kgs,53
829,turpis,Loc2,Nos,27
898,turpis,3,Ltrs,44
130,turpis a pede,3,Ltrs,85
836,turpis a pede,loc,Kgs,47
533,turpis adipiscing,location1,Nos,67
541,turpis enim blandit,loc4,Nos,93
32,ullamcorper,loc,Nos,86
266,ullamcorper purus,location1,Nos,1
12,ultrices,loc4,Nos,57
398,ultrices,loc5,Ltrs,61
377,ultrices libero non,loc4,Nos,93
857,ultrices mattis,Loc2,Kgs,27
868,ultrices mattis odio,loc4,Ltrs,84
223,ultrices posuere,Loc2,Ltrs,75
516,ultrices posuere cubilia,Loc2,Kgs,35
548,ultrices posuere cubilia,loc5,Ltrs,38
267,ultrices vel augue,loc,Ltrs,47
89,ultricies,loc4,Ltrs,33
520,ultricies,loc5,Kgs,34
515,urna ut,3,Nos,30
135,ut,Loc2,Kgs,48
357,ut,loc5,Ltrs,63
474,ut,3,Nos,4
498,ut,loc5,Ltrs,43
510,ut,loc4,Nos,24
225,ut at dolor,loc5,Kgs,91
920,ut at dolor,loc5,Ltrs,44
539,ut blandit non,loc4,Ltrs,7
90,ut erat,Loc2,Ltrs,47
571,ut erat curabitur,loc5,Ltrs,57
221,ut erat id,3,Kgs,21
372,ut nunc vestibulum,3,Nos,41
55,ut rhoncus,location1,Kgs,9
665,ut suscipit,loc4,Ltrs,83
912,ut suscipit,3,Nos,79
129,ut volutpat sapien,loc,Nos,19
774,varius,loc,Nos,68
217,varius integer ac,3,Ltrs,6
2,varius ut,location1,Nos,21
475,varius ut blandit,Loc2,Kgs,100
576,vehicula,loc,Ltrs,33
307,vehicula consequat,3,Ltrs,53
4,vel,location1,Kgs,64
52,vel,loc,Nos,48
203,vel,loc,Kgs,9
597,vel,3,Nos,1
867,vel,location1,Ltrs,77
987,vel,loc4,Ltrs,1
834,vel accumsan,location1,Ltrs,33
37,vel augue,location1,Nos,83
753,vel augue,loc5,Kgs,85
703,vel augue vestibulum,Loc2,Kgs,57
797,vel augue vestibulum,location1,Ltrs,77
11,vel est donec,Loc2,Nos,91
283,vel est donec,Loc2,Kgs,4
930,vel lectus,3,Ltrs,26
368,vel lectus in,location1,Kgs,9
905,vel nisl,loc5,Nos,21
549,vel nisl duis,Loc2,Ltrs,13
818,vel pede,loc5,Ltrs,15
634,velit,Loc2,Nos,80
612,velit vivamus vel,location1,Ltrs,68
271,venenatis,loc,Ltrs,44
714,venenatis,loc4,Nos,60
772,venenatis,loc,Kgs,19
638,venenatis lacinia aenean,loc4,Kgs,39
643,venenatis tristique,loc4,Kgs,35
199,venenatis turpis enim,loc4,Nos,21
180,vestibulum,3,Nos,96
319,vestibulum,loc,Kgs,100
430,vestibulum,location1,Nos,93
940,vestibulum,location1,Kgs,79
966,vestibulum,loc5,Nos,98
977,vestibulum,loc5,Nos,66
65,vestibulum ante,location1,Nos,62
318,vestibulum ante ipsum,loc,Kgs,59
664,vestibulum eget vulputate,loc4,Kgs,80
792,vestibulum rutrum rutrum,location1,Kgs,38
462,vestibulum sagittis sapien,loc5,Kgs,60
970,vestibulum sagittis sapien,loc5,Kgs,53
72,vestibulum sit,loc4,Kgs,51
777,vestibulum velit,loc,Nos,96
159,vitae,loc4,Ltrs,85
705,vitae nisi,location1,Kgs,13
445,vitae nisi nam,Loc2,Kgs,43
980,vitae nisl,loc5,Ltrs,51
136,vivamus,Loc2,Nos,22
893,vivamus metus,loc,Ltrs,5
371,vivamus tortor,Loc2,Nos,100
458,vivamus tortor,loc4,Ltrs,28
265,vivamus tortor duis,loc,Nos,17
122,vivamus vestibulum,loc4,Kgs,46
264,vivamus vestibulum sagittis,loc,Kgs,51
434,vivamus vestibulum sagittis,loc4,Kgs,37
937,viverra dapibus,loc,Kgs,36
787,viverra eget congue,Loc2,Ltrs,71
730,viverra pede,location1,Nos,31
219,viverra pede ac,loc5,Nos,87
542,viverra pede ac,loc4,Ltrs,7
216,volutpat,location1,Nos,59
563,volutpat,Loc2,Nos,90
650,volutpat,loc4,Ltrs,61
722,volutpat,location1,Ltrs,9
813,volutpat,loc,Ltrs,24
626,volutpat convallis morbi,loc5,Kgs,58
490,volutpat in,loc5,Kgs,5
521,volutpat in,3,Nos,99
839,volutpat in,3,Kgs,14
949,volutpat in,Loc2,Ltrs,75
669,volutpat sapien,Loc2,Ltrs,5
173,vulputate luctus cum,loc4,Ltrs,2
607,vulputate luctus cum,loc5,Kgs,11
421,vulputate nonummy,loc4,Ltrs,46
320,vulputate ut ultrices,location1,Nos,7
163,vulputate vitae,location1,Nos,100
